{
  "transitions": {
    "s": {
      "c": 0.03138075313807531,
      "e": 0.16422594142259414,
      "o": 0.08054393305439331,
      "h": 0.0794979079497908,
      "m": 0.025627615062761507,
      "s": 0.09205020920502092,
      "i": 0.06328451882845189,
      "t": 0.223326359832636,
      "p": 0.03190376569037657,
      "q": 0.006276150627615063,
      "u": 0.04654811715481171,
      "a": 0.0842050209205021,
      "b": 0.007845188284518828,
      "w": 0.009414225941422594,
      "y": 0.005230125523012552,
      "k": 0.010460251046025104,
      "l": 0.015167364016736401,
      "n": 0.018305439330543932,
      "g": 0.0010460251046025104,
      "r": 0.0005230125523012552,
      "f": 0.002615062761506276,
      "v": 0.0005230125523012552
    },
    "c": {
      "r": 0.044035228182546036,
      "o": 0.18174539631705364,
      "k": 0.200160128102482,
      "a": 0.1577261809447558,
      "c": 0.004803843074459567,
      "i": 0.04323458767013611,
      "t": 0.07205764611689351,
      "h": 0.12089671737389912,
      "u": 0.02802241793434748,
      "e": 0.10168134507606084,
      "l": 0.03763010408326661,
      "n": 0.0016012810248198558,
      "y": 0.0032025620496397116,
      "s": 0.0016012810248198558,
      "w": 0.0008006405124099279,
      "b": 0.0008006405124099279
    },
    "r": {
      "i": 0.0742260350615442,
      "r": 0.12196941439761283,
      "y": 0.15180902648265573,
      "e": 0.25997762029093624,
      "d": 0.035434539350988434,
      "o": 0.09250279746363298,
      "s": 0.04886236478925774,
      "t": 0.04252144722118612,
      "p": 0.004475941812756434,
      "a": 0.06042521447221186,
      "f": 0.004102946661693398,
      "u": 0.01454681089145841,
      "k": 0.020141738157403954,
      "c": 0.006713912719134651,
      "m": 0.011935844834017158,
      "l": 0.010070869078701977,
      "n": 0.01641178664677359,
      "h": 0.001864975755315181,
      "v": 0.003729951510630362,
      "b": 0.001864975755315181,
      "g": 0.004475941812756434,
      "w": 0.011562849682954122,
      "j": 0.0003729951510630362
    },
    "i": {
      "p": 0.008648025367541078,
      "e": 0.042087056788699916,
      "n": 0.3470740847506486,
      "t": 0.15422311905448255,
      "a": 0.010377630441049293,
      "o": 0.02767368117613145,
      "s": 0.1452868261746901,
      "m": 0.034015566445661574,
      "b": 0.0025944076102623233,
      "c": 0.04006918420294033,
      "r": 0.029403286249639667,
      "k": 0.015566445661573941,
      "d": 0.02738541366388008,
      "v": 0.022196598443355434,
      "g": 0.03459210147016431,
      "f": 0.021620063418852694,
      "l": 0.033727298933410206,
      "x": 0.0011530700490054772,
      "z": 0.0017296050735082155,
      "u": 0.0005765350245027386
    },
    "p": {
      "t": 0.021065675340768277,
      "o": 0.21065675340768278,
      "i": 0.08921933085501858,
      "h": 0.01982651796778191,
      "p": 0.04337050805452292,
      "e": 0.15861214374225527,
      "b": 0.0012391573729863693,
      "a": 0.11648079306071871,
      "r": 0.080545229244114,
      "u": 0.05452292441140025,
      "y": 0.008674101610904586,
      "l": 0.13630731102850063,
      "s": 0.05328376703841388,
      "w": 0.0012391573729863693,
      "v": 0.0024783147459727386,
      "n": 0.0012391573729863693,
      "m": 0.0012391573729863693
    },
    "t": {
      "s": 0.041726207487853675,
      "h": 0.4209774221206059,
      "e": 0.07487853672477851,
      "o": 0.15633038010860245,
      "i": 0.09259788511003143,
      "t": 0.03829665618748214,
      "l": 0.012003429551300371,
      "a": 0.06744784224064018,
      "b": 0.006287510717347814,
      "c": 0.007716490425835953,
      "u": 0.02314947127750786,
      "y": 0.007716490425835953,
      "r": 0.03000857387825093,
      "p": 0.0011431837667905116,
      "w": 0.006287510717347814,
      "m": 0.002286367533581023,
      "k": 0.002572163475278651,
      "f": 0.0008573878250928837,
      "v": 0.0011431837667905116,
      "g": 0.004286939125464418,
      "n": 0.0014289797084881394,
      "j": 0.0002857959416976279,
      "d": 0.0005715918833952558
    },
    "o": {
      "m": 0.05132571150571637,
      "v": 0.018486986134760398,
      "u": 0.20797859401605448,
      "f": 0.06081245439065921,
      "r": 0.08951593286305035,
      "w": 0.07808319143760642,
      "n": 0.15835563123327656,
      "o": 0.05254196059352956,
      "d": 0.018973485769885674,
      "s": 0.027730479202140598,
      "h": 0.009729992702505474,
      "t": 0.05473120895159329,
      "k": 0.021649233763074677,
      "i": 0.01994648504013622,
      "l": 0.04524446606665045,
      "p": 0.019703235222573584,
      "g": 0.006567745074191195,
      "e": 0.0072974945268791044,
      "y": 0.005837995621503284,
      "b": 0.010946241790318657,
      "a": 0.007540744344441742,
      "c": 0.025054731208951592,
      "x": 0.0009729992702505473,
      "z": 0.0007297494526879105,
      "q": 0.00024324981756263683
    },
    "b": {
      "e": 0.32860520094562645,
      "y": 0.03230890464933018,
      "l": 0.0764381402679275,
      "u": 0.11032308904649331,
      "o": 0.0851063829787234,
      "a": 0.289204097714736,
      "r": 0.029944838455476755,
      "s": 0.01103230890464933,
      "i": 0.02364066193853428,
      "b": 0.003940110323089046,
      "v": 0.003940110323089046,
      "t": 0.0015760441292356187,
      "j": 0.002364066193853428,
      "w": 0.0007880220646178094,
      "f": 0.0007880220646178094
    },
    "e": {
      "e": 0.1057668093679174,
      "r": 0.17300428103752202,
      "i": 0.009569377990430622,
      "l": 0.04960967010828507,
      "n": 0.11911357340720222,
      "x": 0.009317552253840343,
      "s": 0.15462100226643163,
      "a": 0.09065726517250063,
      "t": 0.054898010576680936,
      "c": 0.029967262654243265,
      "b": 0.008058423570888944,
      "v": 0.02568622513220851,
      "y": 0.051120624527826744,
      "d": 0.044824981113069755,
      "p": 0.014354066985645933,
      "w": 0.012591286829513977,
      "g": 0.006547469151347267,
      "o": 0.003777386048854193,
      "m": 0.0209015361369932,
      "f": 0.006547469151347267,
      "z": 0.001007302946361118,
      "k": 0.004029211785444472,
      "h": 0.0025182573659027953,
      "j": 0.000503651473180559,
      "q": 0.000503651473180559,
      "u": 0.000503651473180559
    },
    "m": {
      "o": 0.1348314606741573,
      "a": 0.24004085801838612,
      "p": 0.04187946884576098,
      "i": 0.0735444330949949,
      "e": 0.32175689479060265,
      "u": 0.026557711950970377,
      "s": 0.02349336057201226,
      "y": 0.05720122574055159,
      "b": 0.03779366700715015,
      "r": 0.02247191011235955,
      "m": 0.011235955056179775,
      "v": 0.0010214504596527069,
      "l": 0.0020429009193054137,
      "t": 0.0020429009193054137,
      "n": 0.0010214504596527069,
      "k": 0.0010214504596527069,
      "h": 0.0010214504596527069,
      "c": 0.0010214504596527069
    },
    "v": {
      "i": 0.09739130434782609,
      "e": 0.671304347826087,
      "a": 0.21217391304347827,
      "o": 0.01565217391304348,
      "y": 0.0017391304347826088,
      "t": 0.0017391304347826088
    },
    "j": {
      "e": 0.05527638190954774,
      "o": 0.5276381909547738,
      "u": 0.35175879396984927,
      "a": 0.05527638190954774,
      "f": 0.010050251256281407
    },
    "n": {
      "f": 0.0051387461459403904,
      "d": 0.18362452894826994,
      "g": 0.23055841041452552,
      "o": 0.09763617677286741,
      "y": 0.01473107228502912,
      "s": 0.042822884549503254,
      "k": 0.030832476875642344,
      "t": 0.10003425830763961,
      "n": 0.020212401507365536,
      "a": 0.03357314148681055,
      "e": 0.16341212744090441,
      "i": 0.02877697841726619,
      "u": 0.005481329222336417,
      "c": 0.020897567660157587,
      "l": 0.009249743062692703,
      "p": 0.0010277492291880781,
      "r": 0.0013703323055841042,
      "b": 0.0034258307639602604,
      "w": 0.0020554984583761563,
      "h": 0.0020554984583761563,
      "v": 0.0013703323055841042,