{
  "transitions": {
    "a": {
      "n": 0.21671388101983002,
      "r": 0.16902738432483475,
      "t": 0.1362134088762984,
      "l": 0.08947119924457035,
      "s": 0.061142587346553354,
      "d": 0.046506137865911235,
      "c": 0.03564683663833806,
      "m": 0.03493862134088763,
      "y": 0.03328611898016997,
      "v": 0.032813975448536356,
      "i": 0.02525967894239849,
      "k": 0.023371104815864022,
      "b": 0.01959395656279509,
      "p": 0.018885741265344664,
      "g": 0.011567516525023608,
      "w": 0.010151085930122757,
      "u": 0.010151085930122757,
      "f": 0.008026440037771483,
      "h": 0.007790368271954674,
      "z": 0.006137865911237016,
      "x": 0.0018885741265344666,
      "e": 0.000708215297450425,
      "a": 0.00047214353163361664,
      "j": 0.00023607176581680832
    },
    "b": {
      "e": 0.32860520094562645,
      "a": 0.289204097714736,
      "u": 0.11032308904649331,
      "o": 0.0851063829787234,
      "l": 0.0764381402679275,
      "y": 0.03230890464933018,
      "r": 0.029944838455476755,
      "i": 0.02364066193853428,
      "s": 0.01103230890464933,
      "b": 0.003940110323089046,
      "v": 0.003940110323089046,
      "j": 0.002364066193853428,
      "t": 0.0015760441292356187,
      "w": 0.0007880220646178094,
      "f": 0.0007880220646178094
    },
    "c": {
      "k": 0.200160128102482,
      "o": 0.18174539631705364,
      "a": 0.1577261809447558,
      "h": 0.12089671737389912,
      "e": 0.10168134507606084,
      "t": 0.07205764611689351,
      "r": 0.044035228182546036,
      "i": 0.04323458767013611,
      "l": 0.03763010408326661,
      "u": 0.02802241793434748,
      "c": 0.004803843074459567,
      "y": 0.0032025620496397116,
      "n": 0.0016012810248198558,
      "s": 0.0016012810248198558,
      "w": 0.0008006405124099279,
      "b": 0.0008006405124099279
    },
    "d": {
      "o": 0.267741935483871,
      "e": 0.2010752688172043,
      "i": 0.12688172043010754,
      "a": 0.11505376344086021,
      "s": 0.08387096774193549,
      "r": 0.05268817204301075,
      "y": 0.03978494623655914,
      "u": 0.024731182795698924,
      "n": 0.021505376344086023,
      "d": 0.021505376344086023,
      "l": 0.008602150537634409,
      "g": 0.0064516129032258064,
      "b": 0.005376344086021506,
      "v": 0.005376344086021506,
      "m": 0.004301075268817204,
      "w": 0.0032258064516129032,
      "t": 0.0032258064516129032,
      "f": 0.0032258064516129032,
      "h": 0.0032258064516129032,
      "j": 0.001075268817204301,
      "p": 0.001075268817204301
    },
    "e": {
      "r": 0.17300428103752202,
      "s": 0.15462100226643163,
      "n": 0.11911357340720222,
      "e": 0.1057668093679174,
      "a": 0.09065726517250063,
      "t": 0.054898010576680936,
      "y": 0.051120624527826744,
      "l": 0.04960967010828507,
      "d": 0.044824981113069755,
      "c": 0.029967262654243265,
      "v": 0.02568622513220851,
      "m": 0.0209015361369932,
      "p": 0.014354066985645933,
      "w": 0.012591286829513977,
      "i": 0.009569377990430622,
      "x": 0.009317552253840343,
      "b": 0.008058423570888944,
      "g": 0.006547469151347267,
      "f": 0.006547469151347267,
      "k": 0.004029211785444472,
      "o": 0.003777386048854193,
      "h": 0.0025182573659027953,
      "z": 0.001007302946361118,
      "j": 0.000503651473180559,
      "q": 0.000503651473180559,
      "u": 0.000503651473180559
    },
    "f": {
      "l": 0.25132978723404253,
      "o": 0.1702127659574468,
      "r": 0.11436170212765957,
      "e": 0.11170212765957446,
      "f": 0.08909574468085106,
      "a": 0.08776595744680851,
      "i": 0.08111702127659574,
      "u": 0.05186170212765957,
      "t": 0.034574468085106384,
      "s": 0.003989361702127659,
      "k": 0.0026595744680851063,
      "c": 0.0013297872340425532
    },
    "g": {
      "o": 0.21437908496732025,
      "e": 0.19869281045751633,
      "h": 0.1895424836601307,
      "a": 0.07320261437908497,
      "i": 0.0718954248366013,
      "r": 0.07058823529411765,
      "u": 0.06666666666666667,
      "s": 0.043137254901960784,
      "l": 0.030065359477124184,
      "n": 0.009150326797385621,
      "g": 0.00784313725490196,
      "t": 0.00522875816993464,
      "b": 0.00392156862745098,
      "v": 0.00392156862745098,
      "k": 0.00261437908496732,
      "y": 0.00130718954248366,
      "w": 0.00130718954248366,
      "p": 0.00130718954248366,
      "f": 0.00130718954248366,
      "c": 0.00130718954248366,
      "d": 0.00130718954248366,
      "m": 0.00130718954248366
    },
    "h": {
      "e": 0.43665861235761133,
      "a": 0.19123230928546772,
      "i": 0.16154642733862618,
      "o": 0.11391094235415948,
      "t": 0.034173282706247844,
      "u": 0.027959958577839145,
      "r": 0.01587849499482223,
      "y": 0.010355540214014497,
      "s": 0.0020711080428028996,
      "n": 0.0010355540214014498,
      "f": 0.0010355540214014498,
      "m": 0.0006903693476009665,
      "l": 0.0006903693476009665,
      "p": 0.0006903693476009665,
      "h": 0.00034518467380048324,
      "w": 0.00034518467380048324,
      "b": 0.00034518467380048324,
      "k": 0.00034518467380048324,
      "d": 0.00034518467380048324,
      "v": 0.00034518467380048324
    },
    "i": {
      "n": 0.3470740847506486,
      "t": 0.15422311905448255,
      "s": 0.1452868261746901,
      "e": 0.042087056788699916,
      "c": 0.04006918420294033,
      "g": 0.03459210147016431,
      "m": 0.034015566445661574,
      "l": 0.033727298933410206,
      "r": 0.029403286249639667,
      "o": 0.02767368117613145,
      "d": 0.02738541366388008,
      "v": 0.022196598443355434,
      "f": 0.021620063418852694,
      "k": 0.015566445661573941,
      "a": 0.010377630441049293,
      "p": 0.008648025367541078,
      "b": 0.0025944076102623233,
      "z": 0.0017296050735082155,
      "x": 0.0011530700490054772,
      "u": 0.0005765350245027386
    },
    "j": {
      "o": 0.5276381909547738,
      "u": 0.35175879396984927,
      "e": 0.05527638190954774,
      "a": 0.05527638190954774,
      "f": 0.010050251256281407
    },
    "k": {
      "e": 0.37881219903691815,
      "i": 0.24077046548956663,
      "s": 0.16693418940609953,
      "n": 0.12199036918138041,
      "r": 0.014446227929373997,
      "p": 0.012841091492776886,
      "y": 0.011235955056179775,
      "w": 0.009630818619582664,
      "b": 0.009630818619582664,
      "t": 0.008025682182985553,
      "o": 0.006420545746388443,
      "l": 0.006420545746388443,
      "a": 0.006420545746388443,
      "v": 0.0032102728731942215,
      "f": 0.0016051364365971107,
      "h": 0.0016051364365971107
    },
    "l": {
      "l": 0.21991701244813278,
      "e": 0.16643614568925771,
      "o": 0.13600737667127707,
      "i": 0.1313969571230982,
      "a": 0.10603964960811434,
      "y": 0.07284462886122638,
      "d": 0.05901337021668972,
      "k": 0.03273397879207008,
      "s": 0.024896265560165973,
      "u": 0.01429230059935454,
      "t": 0.010142923005993546,
      "m": 0.006454587367450438,
      "p": 0.006454587367450438,
      "f": 0.005532503457814661,
      "b": 0.002305209774089442,
      "c": 0.0018441678192715537,
      "w": 0.0018441678192715537,
      "r": 0.0009220839096357768,
      "h": 0.0004610419548178884,
      "v": 0.0004610419548178884
    },
    "m": {
      "e": 0.32175689479060265,
      "a": 0.24004085801838612,
      "o": 0.1348314606741573,
      "i": 0.0735444330949949,
      "y": 0.05720122574055159,
      "p": 0.04187946884576098,
      "b": 0.03779366700715015,
      "u": 0.026557711950970377,
      "s": 0.02349336057201226,
      "r": 0.02247191011235955,
      "m": 0.011235955056179775,
      "l": 0.0020429009193054137,
      "t": 0.0020429009193054137,
      "v": 0.0010214504596527069,
      "n": 0.0010214504596527069,
      "k": 0.0010214504596527069,
      "h": 0.0010214504596527069,
      "c": 0.0010214504596527069
    },
    "n": {
      "g": 0.23055841041452552,